-- phpMyAdmin SQL Dump
-- version 4.5.0.2
-- http://www.phpmyadmin.net
--
-- Host: localhost
-- Generation Time: Dec 16, 2015 at 03:29 AM
-- Server version: 10.0.17-MariaDB
-- PHP Version: 5.5.30

SET SQL_MODE = "NO_AUTO_VALUE_ON_ZERO";
SET time_zone = "+00:00";


/*!40101 SET @OLD_CHARACTER_SET_CLIENT=@@CHARACTER_SET_CLIENT */;
/*!40101 SET @OLD_CHARACTER_SET_RESULTS=@@CHARACTER_SET_RESULTS */;
/*!40101 SET @OLD_COLLATION_CONNECTION=@@COLLATION_CONNECTION */;
/*!40101 SET NAMES utf8mb4 */;

--
-- Database: `slimblog`
--

-- --------------------------------------------------------

--
-- Table structure for table `article`
--

CREATE TABLE `article` (
  `id` int(11) NOT NULL,
  `authorId` int(11) NOT NULL,
  `title` varchar(200) NOT NULL,
  `body` varchar(5000) NOT NULL,
  `imagePath` varchar(200) NOT NULL
) ENGINE=InnoDB DEFAULT CHARSET=utf8;

--
-- Dumping data for table `article`
--

INSERT INTO `article` (`id`, `authorId`, `title`, `body`, `imagePath`) VALUES
(1, 6, 'article 1', 'asdfasj;kdlfjasd;fkjas;dkfgja;lskgdj', ''),
(2, 6, 'article 2', 'asdf;kasjdfga;lksdgjasl;kdfgjas;lkdfjas;', ''),
(3, 6, 'this is a fancy article', '<h1>sdfasdfkja;sk</h1>\n<p>&nbsp;</p>\n<p><em>asdfasfk &nbsp;dasfdfasdf</em></p>', ''),
(4, 6, 'article-adsfk', '<p>dsfadsf;lkasjdfl;kasdfj;asldkfj;sadf</p>\r\n<p>asdfsafadsfsf<strong>asdfasdfadsfasdf<em>adfasdfsadf</em></strong></p>\r\n<h1><strong><em>dsfasdfasa</em></strong></h1>', ''),
(5, 4, 'article- user 4', 'as;dkfj;asldkfja;slkdfj;asdlkfj', ''),
(6, 2, 'art user 2', 'as;kdfjas;kldfjagkfljsad;lfgkjs;dFKJ', ''),
(7, 4, 'asdfdsfadsfasdf', 'asdfadsfdsafasdfadsfdsaf', ''),
(8, 11, 'test view-article', '<p>asl;dfjasdkgjas;ldgkjk</p>\r\n<p><strong>dsfasdfasdfasdf</strong></p>\r\n<p><em><strong>adsfasfddafds</strong></em></p>', ''),
(9, 11, 'asdfsadfasdf', '<p>asdfasdfsadfasdfasdfs</p>', ''),
(10, 11, 'image', '<p>alk;dfj;alskdfjimage+teext</p>', 'media/4Stars.png'),
(11, 6, 'image', '<p>asdfasdf</p>\r\n<p>image_txt</p>', 'media/4Stars.png'),
(12, 11, 'image ilegal name', '<p>asdfasdfasdfasdfasdfds</p>', 'media/:download.jpeg'),
(13, 11, 'dsfasdfasdf', '<p>sdfasfasfasfasdfsaf</p>', 'media/:download.jpeg'),
(14, 11, 'asdfasdfsadf', '<p>asdfasdfasdfasfdasfasf</p>', 'media/bdd3b54fde2fbc341fe7d43c690f91f8.jpeg');

-- --------------------------------------------------------

--
-- Table structure for table `mediaFile`
--

CREATE TABLE `mediaFile` (
  `id` int(11) NOT NULL,
  `fileName` varchar(200) NOT NULL,
  `data` longblob NOT NULL
) ENGINE=InnoDB DEFAULT CHARSET=utf8;

--
-- Dumping data for table `mediaFile`
--

INSERT INTO `mediaFile` (`id`, `fileName`, `data`) VALUES
(1, ':download.jpeg', 0xffd8ffe000104a46494600010100000100010000ffdb008400090607131312151313131616151715161a1818181817171818181717161815171717181d2820181a251d171521312125292b2e2e2e171f3338332c37282d2e2b010a0a0a0e0d0e1b10101b2d2520252d2d2d2b2d2d2d2d2d2d2d2d2d2d2d2d2d2d2b2d2d2d2d2d2d2d2d2d2d2d2d2d2d2d2d2d2d2f2d2d2d2d2d2d2d2d2d2d2d2dffc000110800c0010703012200021101031101ffc4001b00000203010101000000000000000000000405020306010007ffc4003c10000103020404030604050402030000000100021103210412314105225161718191061332a1b1c14252d1f0142362e1f1077282921533162443ffc4001a010003010101010000000000000000000001020300040506ffc400291100020202020201050002030100000000000102110321123104412213325161f023718191d105ffda000c03010002110311003f00fac02be7dfea58fe583fd417d01ba2c2ff00a92cfe49f11f553c9f6b298fef47cca57b32a9cd2bad6ae03d3b2d0ac734856e0694b84f64cb88e0f94424e5ba15e449d09c156b5565b0611984684cdd05c923a281298f0dc2e53255942ab42b0e2da345cb93237a27292a0f7411a20c11301535b1f6b218620ccae78c6473bafc87546205d472d461fea0af6e33aaa6be24123c47d55b0ca4a4245b4cdd71633853fedfb2f9817afa662ce6c27fc7ecbe55eec95eae5f457c67a669f82bf9754c9c522e0d4c809ae72a3677a565a1d0b5bec96272d39ee5642569fd963c87c4aae0fb8e6f2d7f8cd10e201e75487db11fcb3e0bb52054b5aea3ed41fe49f05d793ed679b87ef47ce316e828c753965b5ec84e22d9d119c32be4bb970f2547767693d9de1ec7327de3606c4a6345b48f35bba8e331cca8dca07aa11983686c4a0e71470377d05e26b322c96d3b950fe0afaa2e852ca82c898921cf0477bb735ced133f6938bb4d32d06ffdd22a24be1a2c15fc4b8635ac92744f7a2d05ad0bea62ead56c1323c84fea94576426b5b1ac6b08e9a2cf627105d242c9819617d97502710bca88c9b3efd4dd658ff6ed99e9380d568a9e31b1aa41c6ce63d9365c8941993a767ceb098297411b2bc70a9a806d175a8387636fbc2950a6334af27ead596facc4f5384969040451c3661e29bbeab65554dcd9b29fd544de46666af082e79816546230269985b0a7942f1c187dca2b3595595fb31594a856ab02cb655b830840bf838d2123ce97682e69996c0b9ce75f44dab344422ff8114ce8a4e6b4ae6cbe45cba272685d4e97541e3b0d107b8faa715888b2e8c30731570e7a7668c8d4d074e107fb57ccea3efe6be95851ff00d68ecbe6a70ef739c1ad24827cf7b7949f22bde9fc92a2be3caac75c21fca8e2e42f05c0558f80c75eb694d7ff001950e80e921478b3b9648aed8217ad37b2cfe4778a44fe1cf68920ff008d51dc2b13ee810774f8e4a32d92cf53c7f10f7d43ef7cfecafe3ef0ea51d921c57196076bba1315c66604a7c9e42e2d1c70c1c649d83e2da0374d964719c50b5c468b6556b348bac07b4407bc5c589dbd94f2636ac21bc4ddb145338b91a949b0d5da05d4def0742a8fb38a8d1d1e2d3ba2f0f8f24df45916bef64cf0f887592b88b46ca862b2895462b8c1a9ca4a56d7b8b610b470ef6bc3bba5e4d0f06d0f307ecdd4aa6746a2388fb2991bcb330b5bc2abc53062f0a9c663b34af9d7ff00d1f232791517a5e8f4163856cf9a57e14e6ae2d562999df961797d063f2a5c57224f1c5bd069c411baaeb636353297b5c654aab0106fe4b8db91c8558be260e850b88e2860654a71f49e0c057f0f6b597799fb25e0fb662ea9c45da9953c071593d517ff0092c2bdb12d2421786e069ccb60826c9be82ff9086b38810eba7dc3f1ad3bacf710a006536e87ec89c3d2020029383831d9a77e23ba80a7ba4e18f1d484cf0d5868b716dec46ca717443925c6e0a2485a4aec012fab949493c74c17f910329dae8cc1811aa871365ad643f09a351ee112082246a0efd6c23c7eb0f8fc7e6e90551b6e1d852ea597a844f06f64c3087c09dffaa2d7f2813d93ce0f858a6246dbfd2774c5d5805f4b0828c52026ca6970ba626d63af9eaacfe019111b47c88fb950fe214857ee9e8242af0b611a6e4faa43c63d990e1cbb6b1a95a46565683296508cbb0a935d1f0bf69bd9faac766da74e83bfd3ba4eda990dcafbd712a545d67013d7a2f9ff001cff004f055717d0ae26e7ddbc4027601c3e91e8b8f2f8fbf89d1093ab68c2e2788dac5647896333b8a79c5b0aea0f7d2a8c2d734c3838cbbc4c5803fe164716e19cc2d8b1d3a1734dc9208a2ee6ba62e6dac526a4e94c2834f74f9110483f026f74e338b0095e1a991b1f4456579d18573c97b03432fe24b028e1f8a9261083055ea40c86168f85fb2a624ea91f1485498e69fb4cc14e0d8c223d9dc60ac5dbdd25c47b225da39c13bf65f849c31dcdf75cde278783164e45724e6d50d8f09707e6ecbc9dbf1a0c2f2ef963c4d8f0c8e2a9183c2d1155a5c37ba0ab3729b9b7cc78a0a9711fe1da1a0db6fd124e21c55c4ccccf45cae0991a35eca61e2c24a4f8fe104ce6369b7e8b9ecef149f8b645713c5e7740369d12ac6ecd462b15c2cb5ee20c41ba7bc0aa9a62e77460c28333d6e8578ca4b6159dc953350ff15505466a8720dafa24cf7d4166824237062abb51bca9b88d5a3434b89656c3ba21f0b8a6d475b654d5c2bdcd84360385d4a6fcc34dc2594222368d3d3ae0f2b8ec96e2a43ad753c4e15ee820c156e1b04efc57519e3b15d03925db7ca56abd99e184106047768f1b1e93f35470ae0cea8640b0d4ad6d2a2da6d2bd1f0b0d7c9851ec5d70c102df649ebe2e6c2a73742207cd663fd46f68dd87a25ccd4cdf522e07adec76d563fd8ec263b12fa6e39e950c9773dce2e73bf331a4cf43781aeabbaeecbc528d59f4ca78a7cc1107c531a388360836e1cb6039c5d1b9d7ce117400172b21e4d0cf0e09d50fc53896404376d4a0ebf126b7759cabc4c39ef63cd8923d569492d0f870b93b6ba2ca3c7f3d4c923ee9b876e0ac9f08f665b42a3eafbc2fcda4ec3ee9e9c4094b08cd2f91d99a58f97f8ba39c4f0187c740a8d1ef5921afdc8fcaeea3a24a3d8ac303f009f04db0984c954bda65a4cdf513a847f11b38381f89a0f9e85727911928f2671f991845a78de8454fd94c38fc0df44537d9ea1f942bdd5557efcf55c5f50e3e458381d1fca14d9c2a90fc2151fc4152f7fdd6faa0e414dc1d31b05735add92e756eebcdaddd6e66b18d978c25cec47750f7c4ee87d437219b5c1792a7bdd3aaf23ccdc8c5ff00f1e27e22a6df669b3709ebeaaf32a959e5762b9b17b381b46889a5c1580cee8d15147def75b9b0726706058ba786d33785c75610badaf64bccd6ce9c0b01d15ad63468156d712a61c95c80584f65dccaa3542f3b1010b05170723386e1cd47868f3ec10d84a4ea8e0d68bad6e03860a2d24993175d5e3f8ee6efd0d156cf55c53590c6d9a15589ab9adb2071a49d15946b06819bf52bd38ddd1dd9231514d0362f8631df1343a7f35fa1fd3d178e25b484089ec87e2dc424f2e89631f79264ace55d0230b56c74dc5976ab95f1900a5c2a0d4981ba5dc478f53a60c198db7256724bb1e30b7a25c431723fab659dc79766cc1ca55b8e8a8410c8b6ff0044b710e754304c0e83f55292523ab1c9c586e0bdafc872b9da266ef6ae8983987aa4185e1b4c112d07c5371c1a93ed9009e89a3cd2eca4a58dbb6875c378bfbf7b69d1199cef41d49ec9b62a5a72bb516e93e0bbec0f081872f710348cdbc740afe3d5066b381f232a39f93c5723cef3271be30e85ad7af070423aaaf32a755e473386c20540352bc4b4eeab6d3132857bb5859b4a2db0fa0ccc02efbd09736a975910f696849095ec014fa8145955a837622401bae7ba31299df61b1839e0eebc97b9a4f65e4761b24f85435a66da2a595880654e9620c688f2496c527883f099fc415cda466e8424388bfe269bed07e68f73a1b3ba78bb437a29ab401312aa6d074f65da550fbc83d159571072823ba57bec5082e004288164b4e21c7e2b29baa1b29cf2fba306d5a8d89558c4026ca8756910a586a622daac9dec0cdc7b29480a65c45c94f2ab25a5bd41097f07a59293476451aabe930c78e348b25467aabdcc25ae699ec267c10a73dcbec4ecb458dc481659ee2389bc256a99d16e5115632b4141b7111bfaae638dccf8a4f5ebca9b6563d0c38ae2dce6c023cbe560b3f530a264dd16711685554a826e6c83a614da452d646c8963745161076f00ac63ae7b2290bcc3307427f7b2d0f08c1cb80f04a70641200fdc6ab6fc1680b3b74f1424b23a19622964a30de97583c4125ce92b63c7f13969c75ee07dd631c009b47cff00b7cd7079ed5a4714deca186e7756341768aca14c44ceaa587a441711e4bca14b70f40c412bb4d805b55557a6e8b6aa815328e6d5173fd6860886ccabdcdb5ca5b45a0939b7b8450aa182e64216d7fa322395a6d2ad734b44caa5c5bac1ecbc313220a2e74cc49b5fa85e5ca551aeb90b89e2f5d844f52b92242b58e76aaca185b74255f429901c0eca925cbb1522ac3e05d77cdb546516e6124a1aae2800003aa93eab8ebf0dbd2026a4ba1af446b10c20a80aadc8204c5d578cc50749b650d31e3d57308c9a61c3a41ee3aa95dbd0a88e52e398d829b7e217b5d42b3c0606f9aa70b525c2469f349929b51356c9624c13131fbba3785c17b3a17054626a8d624953c03ff98d816109e38e31c8b63347d39d521a1055310aba988e51e085aaf95f46de8ac7b2bc662167f1954974a678c7d8a52e12a12676452a04c6d51ba4789a9d11fc5ea42cbe2310654dcc5e0d04d5ae84ab8923754672a7470c5dd525d8ad9e6e2de2f28cc3629ceb0051781e133fa9fb04ef03c3a1d0d65cc26562f24738298cb20ce9e1fb95bfe154c86e77981d1664e13dd19fc5f75cab8bad50b5b301c6081b01d5097911c5df6427309e37c48547c4e9a252fc4ea35e8acad4031ce904907527d610ad6e624b48017919e52949c9b224e9d599be8a54ab3a7c55d4e8c413cad02f654d703207349cc0fcbf55178fd27b324195cb8656cdceb1aa9576c987c7ef54be9d68976613169dd4f04e73f2991abafebaa36945d0c5b8aa92e86880179e60ceb6d3d27eab8f7cd4708b8b9ed1d55355d95d2478ff0074232a7b304b3184b600d343dbbfaaf1a9ca759d90aec4070765117171d3751a98b2e05a2409f40354aa5da6cc5a1eedfe1eabc8705c58d734da4833d7630bc8bc0e5bd86993c5b9ed1a8d2c650d87c63b29312146b39ae05ee907e46361e3083c1e377221b3eaba78fcb9311f4145e4998bc58745c67142d1736023cb6fbaac5673aa1360212dc5d601c07eee99a777102fc0555ac0b6f79d3b269c3f12030b4fe1d3b8364b309a11ca4012ecda8e81bd1cbd45d27a0da74dbfb2556a4a82950dab520e933023948edd7c50786ac00d2e1df28dfcfeaaaa7548ccc7ef791d7580adab94522e6417583c1daf21c3b682df74dc53d8cff454d790093173f5328bc15520b49b489f294af135e4024de6e2371d55c2b92e69d01688ff008d8fd92a8eecc99f42a38905a14ea9b4acff000bc5870cb3a27f5cc317bd09728958bd8af1553642bdc005656a825038aa820a468eae5424e2d524c7ef548cb2530c73b9baebfbf528373a74edfbfdf751e2694cad94effbee99f0da37d36ff3f743d0a331fbfde9f24d30e0348fdfeffba65126d8d3014a5c0771e1795b7e1b816d366722e525f6730399e27b7dfed1ea9dfb4d8d14d91e03b5ecaaaa2b93233952337c62bb73669b8740fdec85a54dc5e445c74beba911aaa5d0e6c419cd20cccf8f4527637dd11072e6833adb713b5f50bc1cd25932fcba2295873d809c8f7431b771dccf8f8aa31869e56be880003e67a143e2eb80f27f30248dee09fba1680902d201d07452796b55fde82598caf3226da9928bc25226935c459ce832620110081dafe8929a8d0e25d3f1683693007aee8fe1b8d05d50930d2c968e8403a0db75b17dd6ff00ec30eca6ae1a1ed130dd731d0892267c4152a388f7798e96b79efe085e23539b68745bb7443622b1cd31cbb770040fa2d15ca36287e18d4ab55d95f04b7e21d8d81035074f3578ae0349a8ebb9c7be84b62ddd20c062b2d66b9a4d9cd3db5120f6573333aa06c4cc80075166803cbe6afc5553ec23caef691cad3feeebde3a155368c0cc3a1307edea3d1081bfca064821c05ffe537da207aab2971103e2123727536000edfdca84e3b37b0fc03a4936836823ce6360bc963b11b82402627ca63e8bcb46528aa4326cee3688680c32d83206a6e3e84a0b1382001cc0c0836e9d479a331b50d421da3ad98ed2006cc1f008666221ae2f2e7439acb6cd78869f0d07891d42efe2af44df60a31ac34f2196ff00544efa29e228e570120da7376d42b3ff005b76731d2d24012d2472bc1d8e87bc11ba1f0b8c0da9cedccd6d8ce931a2571b4bfa81eec80c1bc30ed24bb5d64a2706f394d377e2bb7b39a3ee2de889e205bfcbd44d304c78b89f0b252fae6ce1f9addb7841c5a63a438ab8a692d70020b5b20f8412ac75434c12d892d3781394c43bfa844cf8f64bebd02e682ddcdbcf2fa412a546bb5a5a5c1c4032d0d3275d0763a7fc8f5431dfb0fb2dad856e537176e63d40390102f789047694ba854b0fe9cdf51fa263c4aa3632c06b61b7d795c1b33f2d129753874170688d60999920586a532eccd24e82f0f5ddef1a01d6e765bd754fe4092be5e3107de4743fa7da57d0b038d9a6d8bf29d448d4020f51a7aaedf19d2763adb17622bdf541e2319cb97720f8ef73e254b1b87cc33379649804d8c44c4e824efd35486b3c8a81a6c6403d6f0acde996e56a8b2b3b31811b6bb0d64f6dd05857eca588a4e04b77d0d8c377209889022627542bf12d243698b3665c7579eb1a0022c3c67b04ed83921cd3aa1a88c3d5e6d77959ea588929f700a1ef1e24c09b9e8374c63e8decdd60d6179b08b7901faa4bc6f8b975489194c44c41936bf4b0567b498b1498d632c0374f4592af5016913f0991be8e13e178f55cde4e6af8239a52b63106e1d37b69d05c8fafc94ea621b548040b7301f862f6f947f949a8620b4874dc917d841fd1342c169e5246834f88dedf0eabcb5171e80ad12c4bf33db36b1ed2db08f1bfc971d5af95b6d3e462df33fe10efaad71673b64360ea2248d64769f251a8d874b896b623341226e6dd52bc6cd7b097b32992d993227a5ccfaaed78805bf8f349274cf24f85c91d2c3aa13f882e0205db617d5731ae86e7041cbac6d3a768b8bf709a09d525fc82a41bc6f234b48b8ca7399105d30dcbd20137de12c6556b1cc35232d837710747386e04cc6f0afc7546bb0cc245f3b3c200a80cf625cd405560265f300900eb9ac08816d0b85fa11e09f12b5615d16e1e839c6abaa3c07b0b490221d2e8911b58446c88c1b65cee5bb33106f0e9045bfa872f911bea270cab9dc0031559d357324c4c6a5a6d3d207446bf103238379736722fbcc123c486782a64aa16c238ab1c69d12c6bcb5d72c00970738e46c824d896982001cc374a1b8a6960018248b12492399c35040e9b26f5f1229b5999c448ca4da00106a3b29b38681d630d713b10bb837527d28f721848cae60366d40d6baa3a98bd8b8b7c0b7a0135fa69c53e8d7ec5d816b6a34cba2f07a40888b58ebe2bcabc1e172087380f8f341061cd70005b4e570b183a9d085d527069e8cec36bd7b380d0fce4c8b6db2b6854cad63db6796c1312d22e72b86e3e0ebf2496968e898cf3276ec7a687d118f6cb1ae20e504910635f8b6378d2dd7a2d0d3d996d8db07840f6b5ac7467b5c5811a34e6bef127a69282c770d6b6b9a67ffcfc2e728e69dc651e50a344431af638e57039bab331e581e01da7550c4e2b35474dcc0f4207ca67d555b4334911ab55cf6170110daa27c6c07d7d5216d3e56ff539c41368cb6facfa2d0024d173605c11791bcdb5e9f341ff000ec79a6c39b40d6917e771744f51261399558ca8d3cd44e46f30b83a832d21c247586faaa787e16a7ba786d2a85c1d49c006192038669b784789ea8b34bdc37203f0b64906734dc3a07e1d4768bde51b4b8831cc7332c12d6873c40e712e9d39869af4d92475268a71562ce2d830d01a03cba1ad2d22621b6831cf602e04083d529e2382f779882dead64cbbfa8113668131373611a91a1e33899786389f760bb28b92dd5a1c44c91db5f1d167b1d4430bc982486968ef1cc5dfd225c00fc5949d356e352fd0b254ec5384a81ceb882d00f96e0fa2da3717958e641b80441d05888035e91fa2c461d8f782e899764077937bf64eeb6321a2aea0801b1f91b199d1d6e07fd95a9ada345fb435c7e5a8cfe5bc9aa60161819dc46577bb703cc394f2d8f498094b317cf45ef6f335c5a4c5c3db6cae06c45e7b414362ab9aac018d1025c2da6b2d27d627c17998f7548cf95ce07e28e67459b9ddf888ca449936d5072b41964b430c2d3151bfce73ad4f124359f1b9d52a5482c0758cd17d4b9b749f8ab68b5c4d16814c12c2012ee767c50e373ac03bc4ee88e24e39c38380718cbb7c21cf6010205dc0ec2581430b8673db5865244b1f4c88821e0c89d0e516d761d93c66dc6c0de8a28526cb434e8343bc82e6c1883a8e9a26dc11e69920d92d7d387ed16025cd1102d627b7cd114898bc3848b661d8c0bea829b680b20df8fe38bde7299116dc4c03faa169120839843ade4e1a1ee1c27c953c528fb9a8f74b65a4b408f8ac6e2d1974bf78eb07d4c95298cac6d37907c0982411d2e4fa28645ca4dfe49fec1a9d382c04174bdc1a40b0b32e64da2f7be85114ea87e8f3dcc5cc19f9e8ba1ef6d333ae6020f57039877901fea9731d0f0d0096fe233a58c09fdddc4a8ca2aba0fab41fc4310eccfe50742040fc4418b5fe10ef452772b6f224f336e592d8e575c107c0fde22f60a92c323338031db49117124d91b81787666b9d399b9648cdcd4f33244f5907cd0c6ae2815655866c02e0d9a795d6be601b964cf519a46c61541c1a5e1d05ae6dc802321367f5244cff00c134a0d8a2e69748a6df76e23701ce9709db242598ec3fbba9924e489693d1d0d7b7cf3181d42a51a4a816a0cd4cb40976636d8730cddac0cf9150c7d02c739c7f01803f2821969163227ce7708a14080c734e5716cd493395a5c5b4e06e5cc6b0f883a49443aa0d0581d05a748163a5ee3a19ea975074345eb62ac0510c7b9e0cb8d230371cf1ea4036ec53e6b4d30d7bdb94c4e833dc9b09bb05c19b131d35575711eecd3653e5738100ee3297e6933616b9efd972ad40002f7728712e8d4d9a1a34d091f7b6d9a7c94bdfa159ee3efad54d32d77335ce8e8039cd71ca2009024def0d76abb897416869cb94cc49039a4999d45c40ed1b09398d2f71907348218d02c1b63007e28d7eda2171b49a6b365ed61272b87c4eb375cadf8643498711f445b937bf417d9761190d655ab4eeeb38cdc887168247c506dd7ade67c98b7054e997527b9d933c891610d80e16897075faebb2ea67caf4c3c3f06770e5cd73c3a4c39a645fb0b9d7fba3434bcf265b18cba4df5e96b2f5478680635911b4eb7f525054ea9a6ef9c788dd49f7415a08a959a6acfe11941119401d00da0cfaa329526d47be633400d330002e003bbf9a5dc4581a5920439b99c0743de3a82aba0480e20e60c6b467b69ab418df509d45b6dff746b1d633873410d6bb30f750e3a026096c0f111e696b30e68d3655cc5a4dc7309df345ac6e39bbdbaa93f156077001f31b7d3d1418e2e6c49735824b74d45cba6c1a3c7529a13e4f486544f85d76198cc1b24fbb77344d8e576e3eb65dc19738b4589223e64007bc6eaee1aca6d6905b2ecae93b004da4efb054e169811cc4389d7cf963e6925b60dd83d3aa2a5501e2449d0c4de45f68247a2af151566a41871b9db7b1fcaeb9b7488954b679c0b913f22242269556b60b6ce717820e8fb3490e9b46e076545d6c54f540fc2b0d96a3731218d6b64daee0ecdcadeb25cd9e84dec8b345af664610d6d36d46873866934dae74651b178cc62742ab754e66b8364c8397f4fe91263c4a29d4dd4cb493cc3f2c06b4c74d4efca2f793a26592e8c9b485d8dacda74a952a4ce57b9cf7b8b00a99c0a6d10c062980083975198dc190ab6e125c1d04c8325baf238833f94800bb4b833b1467bd2582a523ff00ae49025a0c1cbccdff00696eba0d7755506001ce248101ad3a921d7f3b103c8a7c92ddff007617d81715c2020bc025c1c18d0d700232e72e920c59a3feaacc0625a29bcb043730a77220b7e3a64585ce70235d354cb13c3c3a939c0106a34318c3ca79c90751696e51ff006426068bbdde4bb0b89023f08021b13a587aa139250a7f90cba29a9830f6662d99a91224434367318d6f68ee14b0d872eaa29443458831bc6a458dee63a0116099d1790e6b4440cd3d26da75017785c1a85cf8218d73ea780072b6dd4dbc8a9a9f25489d6d2409ed0611cda866a340768241ccee58cade9337ff000b945bf16e3398edca0107a10e69b79e8655f8ca22ab69be0666c18defb0ed396dd928e14f76576605a73c11a5c0fd4c213daff4175e87d4ef49b4eb1b9b83f94c9ca7be8837b4d3273b6d9cc6e2e0dc7a95de29580a96d040b7486e9ea6c88c3d314c345539b2f3301d753f249dc6d812dd22fc156cac7306504b6e7bb6fa9d25063110f7444b1c1fe22d980daedcc7c4782a3115c39c5ce0724e6764201869b893a5a4f922311812e21d4dc248104dacd26337425a74ecb638b5b6669d20ff007e69b6ac1b179823605a07dd5757f980b5f065d2d8d4441693dade83b2ed7a2df72d05dcee226368881f2573dd9864b35c6c1d1a12395b3b8eddedd088b7ff0081efb06c4d52c0e6917cb25dae8e891d72cfcbba8b30cd2034bcb8d9b706ee3eb366bc83e1d55f4438822a082d739b16bb49201edb7911d109883968ba6038480249244c0b9de3ea9b22e809ee80b1ce7d62c34cb72c9cce195f2c0648b75bcda5534ded921d27375194092434b84cb5daf4d662573080092d0d0351224179b126fdeeab1c4ea34ba1d224e6049907f2eb6339afa7d15946d5228d7e468fc7bd9a12d6e40e0d168b6aefcc641d6610ae7de9d469106730d609132275893e44f95bc4e91aac0da621e18794fe219b347637dd2ee1748e58d034b08ea019d3a104c46d04246be2e4c5ecd3f13e2a5f44323e1201eb60609fa79af25949e7de5ae62e23ecbaa2b8d7c982d9c7b1d9448303550a750174581dc9e83645b9c4b72870bde129c65333dff44fc5724c696822a562f706f56801c481006b13a75eea2410053111cce7449e6b3409f5f52a8aed32036f3127ec7fba3f1b4dada24b6334cda4d80ebff6f50ab0e8088502034e7d05ff00b22f10e0ca421a1a0c1937713f9a2e1834b0927aec97d27f28deda7dcae625c5e20924c11ad803ca6dd6f653c756d0caba0aa8f2435e3e0201ee48b49ebbfef5a788623e1d41137f5ca3e69a8ad48e5635ba0027cbfb25f5b039dcc8320bcdbb37542ae5682f6c52d739af2d2049327cff00594d388e10358d7b6ee8b89b8989b7805562ea318e2f819cdc4ea0474e883c3e2ae499c8eb19bc4fe8aaf7d1371ad85e041716ff004827d207dfe6afc58772b9ce13369b988700074b5e557c36896e613cbd7b2b0d005a4b8dc381f4197e90b9d34a4cdda2ae0b968d3706e67660f8d05dcdd86d31bf595590d24e60e01bbe6fc30483a19beca9c7821d4dad7496113045c9b11e108ade06907c3455c8da7beccb61183e266ad50d17cb201378e5b11d358eaafafeee9b7252d5ade671b92753e77283c2d00c80d8e698ebae8556eae5a48804c11ebbf8a8cbe4da5d0cfa2ea2ef863a144be9e4c33a0926ab86693a0b9000da205ba855e0283aa3b4160e27a0136fdf64263eb3e4ebf137ca03b9bbc8cbe87aaa63edd020b4d8e3158414f0f45c4497b2f3d234efaa16b80ea00932ecdad84de74089e2f8835b0f4dadb65601f442625995ac6b5ba6e7b259d7235fa28c1b1b2ead524061e569b12ed07a151e2b5a466819e2206b04f2c22f88631a4063db07e2cdf2ba02ad120c9b931063d211a69fe85bf44300e396601ff74c41d491d6275ea9c55a61e1b51873434efbc5928c4615eea6e039646a6d1ea9ef0ea14db45ad26081b23addfe47afc8a28e2b588bea3b0224a79c604b1b96ce7090637107f7e490e2b07273b4fc24cc6e37f1fec9d612bfbc6344e9f40b45aaa42bd1454c49203f76d9e00f8c5c5fc8fc91556a53882010eedf3282b07983fa6ca2fc4ba606fd74d6e54a5924f405d89f1186a955e5b4865635b23a580241274e9ff24baaf12732a31b4c6532733a26a39c0904e6d81e53cb1e25692ae3835b91840b41eb090d5c031ae19493cc6772058dbaaecc39629532ce4a863426a510e2e2d710d21c0dc3befe1baee1df99ce999ea635b7c406867f6651784c234b32be44683c0dbc1555ebb7de4010371d477fdeca1295a6bf64e3a08e015c0a95333472c007c409fb85e52ab483418b4c792f2a46d2d23733ffd9);

-- --------------------------------------------------------

--
-- Table structure for table `shout`
--

CREATE TABLE `shout` (
  `id` int(11) NOT NULL,
  `author` varchar(20) NOT NULL,
  `message` varchar(200) NOT NULL
) ENGINE=InnoDB DEFAULT CHARSET=utf8;

--
-- Dumping data for table `shout`
--

INSERT INTO `shout` (`id`, `author`, `message`) VALUES
(1, 'jerry', 'Hi, this is jerry''s post.'),
(3, 'kimmy', 'Hi, Jerry, this is Kimmy.'),
(4, 'Tom', 'Hi, Guys, this is Tom, from API POST 1.'),
(5, 'Tom', 'Hi, Guys, this is Tom, from API POST 1.'),
(6, 'wjh', 'asdfsadfas'),
(7, 'sdafdsaf', 'asdlfkjsadf'),
(8, 'dsf', 'asdf'),
(9, 'pig', 'enenenene'),
(10, 'pig', 'enenenene'),
(11, 'dada', 'daadsfasdf'),
(12, 'dada', 'daadsfasdf'),
(13, 'dada', 'daadsfasdf'),
(14, 'dada', 'daadsfasdf'),
(15, 'didi', 'adsf;kasdfja;kdfsj'),
(16, 'didi', 'adsf;kasdfja;kdfsj'),
(17, 'didi', 'adsf;kasdfja;kdfsj'),
(18, 'bobi', 'asdbobobobo'),
(19, 'toto', 'asdfkjasdf;lkj'),
(20, 'toto1', 'asdfkjasdf;lkj'),
(21, 'toto1', 'asdfkjasdf;lkj'),
(22, 'huhu', 'asdlfkja;lsdfj');

-- --------------------------------------------------------

--
-- Table structure for table `user`
--

CREATE TABLE `user` (
  `id` int(11) NOT NULL,
  `username` varchar(50) NOT NULL,
  `email` varchar(254) NOT NULL,
  `password` varchar(50) NOT NULL
) ENGINE=InnoDB DEFAULT CHARSET=utf8;

--
-- Dumping data for table `user`
--

INSERT INTO `user` (`id`, `username`, `email`, `password`) VALUES
(1, 'sda', 'weqr', '33'),
(2, 'asdf', 'asdf', 'adsf'),
(3, 'dsaf', 'a@b.c', 'dd'),
(4, 'dd', 'd@d.d', 'd'),
(5, 'aw', 'aw@c.d', 'aw'),
(6, 'wjh', 'wjh@wjh.wjh', 'wjh'),
(7, 'jjj', 'jjj@jjj.jjj', 'jjj'),
(8, 'ttt', 'ttt@ttt.ttt', 'ttt'),
(9, 'dog', 'dog@dog.dog', 'dog'),
(10, 'cat', 'cat@cat.cat', 'cat'),
(11, 'pig', 'pig@pig.pig', 'pig'),
(12, 'cow', 'cow@cow.com', 'cow');

--
-- Indexes for dumped tables
--

--
-- Indexes for table `article`
--
ALTER TABLE `article`
  ADD PRIMARY KEY (`id`),
  ADD KEY `authorId` (`authorId`);

--
-- Indexes for table `mediaFile`
--
ALTER TABLE `mediaFile`
  ADD PRIMARY KEY (`id`);

--
-- Indexes for table `shout`
--
ALTER TABLE `shout`
  ADD PRIMARY KEY (`id`);

--
-- Indexes for table `user`
--
ALTER TABLE `user`
  ADD PRIMARY KEY (`id`),
  ADD UNIQUE KEY `username` (`username`);

--
-- AUTO_INCREMENT for dumped tables
--

--
-- AUTO_INCREMENT for table `article`
--
ALTER TABLE `article`
  MODIFY `id` int(11) NOT NULL AUTO_INCREMENT, AUTO_INCREMENT=15;
--
-- AUTO_INCREMENT for table `mediaFile`
--
ALTER TABLE `mediaFile`
  MODIFY `id` int(11) NOT NULL AUTO_INCREMENT, AUTO_INCREMENT=2;
--
-- AUTO_INCREMENT for table `shout`
--
ALTER TABLE `shout`
  MODIFY `id` int(11) NOT NULL AUTO_INCREMENT, AUTO_INCREMENT=23;
--
-- AUTO_INCREMENT for table `user`
--
ALTER TABLE `user`
  MODIFY `id` int(11) NOT NULL AUTO_INCREMENT, AUTO_INCREMENT=13;
--
-- Constraints for dumped tables
--

--
-- Constraints for table `article`
--
ALTER TABLE `article`
  ADD CONSTRAINT `article_ibfk_1` FOREIGN KEY (`authorId`) REFERENCES `user` (`id`);

/*!40101 SET CHARACTER_SET_CLIENT=@OLD_CHARACTER_SET_CLIENT */;
/*!40101 SET CHARACTER_SET_RESULTS=@OLD_CHARACTER_SET_RESULTS */;
/*!40101 SET COLLATION_CONNECTION=@OLD_COLLATION_CONNECTION */;
